<?xml version="1.0" encoding="UTF-8" standalone="no"?>
<?xml-stylesheet type="text/xsl" href="configuration.xsl"?>
<configuration>
<!-- ++++++++++++ Hive Execution Parameters ++++++++++++ -->


	<property>
	  <name>hive.metastore.uris</name>
	  <value>thrift://hadoop-senior01.ibeifeng.com:9083</value>
	  <description>Thrift URI for the remote metastore. Used by metastore client to connect to remote metastore.</description>
	</property>
	<property>
		<name>hive.metastore.local</name>
		<value>false</value>
	</property>
	<property>
		<name>hive.metastore.warehouse.dir</name>
		<value>/user/hive/warehouse</value>
	</property>

	<property>
		<name>javax.jdo.option.ConnectionURL</name>
		<value>jdbc:mysql://hadoop-senior01.ibeifeng.com:3306/metastore?createDatabaseIfNotExist=true</value>
		<description>JDBC connect string for a JDBC metastore</description>
	</property>
	<property>
		<name>javax.jdo.option.ConnectionDriverName</name>
		<value>com.mysql.jdbc.Driver</value>
		<description>Driver class name for a JDBC metastore</description>
	</property>
	<property>
		<name>javax.jdo.option.ConnectionUserName</name>
		<value>root</value>
		<description>username to use against metastore database</description>
	</property>
	<property>
		<name>javax.jdo.option.ConnectionPassword</name>
		<value>123456</value>
		<description>password to use against metastore database</description>
	</property>

</configuration>
